{
  "num_questions": 5,
  "exact_match_count": 0,
  "avg_exact_match": 0.0,
  "avg_token_f1": 0.231869430805601,
  "median_token_f1": 0.2222222222222222,
  "min_token_f1": 0.16666666666666666,
  "max_token_f1": 0.3076923076923077,
  "avg_jaccard": 0.1675439831104856,
  "avg_sequence_similarity": 0.21535985251046616,
  "avg_bleu1": 0.13220612720612718,
  "avg_rouge_l": 0.231869430805601,
  "pass_f1_0_25_rate": 0.4,
  "pass_f1_0_50_rate": 0.0,
  "pass_f1_0_75_rate": 0.0,
  "avg_confidence": 0.8232592317746642,
  "median_confidence": 0.827853430238154,
  "avg_num_context_chunks": 3.8,
  "avg_source_count": 3.4,
  "insufficient_rate": 0.0,
  "avg_gold_answer_tokens": 4.0,
  "avg_generated_answer_tokens": 32.2,
  "good_count": 0,
  "partial_count": 2,
  "poor_count": 3
}